,LotFrontage,MasVnrArea,GarageYrBlt
400,38.0,0.0,1996.0
401,65.0,0.0,2005.0
402,60.0,0.0,1940.0
403,93.0,650.0,1998.0
404,60.0,0.0,1995.0
405,60.0,0.0,1993.0
406,51.0,0.0,1936.0
407,63.0,0.0,1960.0
408,109.0,350.0,2006.0
409,85.0,100.0,2008.0
410,68.0,0.0,1958.0
411,100.0,0.0,1955.0
412,60.0,432.0,2009.0
413,56.0,0.0,1927.0
414,59.0,0.0,1993.0
415,73.0,0.0,2007.0
416,74.0,203.0,1978.0
417,86.0,0.0,1918.0
418,60.0,0.0,1940.0
419,65.0,0.0,1968.0
420,78.0,200.0,1997.0
421,60.0,126.0,1977.0
422,100.0,0.0,1954.0
423,80.0,473.0,1998.0
424,72.0,74.0,1956.0
425,60.0,0.0,1947.0
426,60.0,145.0,1989.0
427,77.0,0.0,1964.0
428,64.0,108.0,2007.0
429,130.0,0.0,1988.0
430,21.0,232.0,1971.0
431,60.0,0.0,2005.0
432,24.0,376.0,1971.0
433,100.0,0.0,1997.0
434,21.0,0.0,2005.0
435,43.0,0.0,1996.0
436,40.0,0.0,1990.0
437,50.0,0.0,1926.0
438,40.0,0.0,1990.0
439,67.0,0.0,2005.0
440,105.0,200.0,2008.0
441,92.0,270.0,2005.0
442,52.0,0.0,1930.0
443,53.0,72.0,2007.0
444,70.0,0.0,1994.0
445,73.0,0.0,1956.0
446,137.0,0.0,1966.0
447,60.0,0.0,1998.0
448,50.0,0.0,1937.0
449,50.0,0.0,1981.0
450,70.0,0.0,1932.0
451,62.0,0.0,1975.0
452,60.0,42.0,1996.0
453,75.0,0.0,2008.0
454,63.0,0.0,1976.0
455,80.0,320.0,1973.0
456,34.0,0.0,1916.0
457,60.0,0.0,1954.0
458,60.0,0.0,1925.0
459,60.0,161.0,1950.0
460,75.0,110.0,2009.0
461,60.0,0.0,1971.0
462,60.0,0.0,1965.0
463,74.0,0.0,1939.0
464,60.0,136.0,2005.0
465,60.0,18.0,2004.0
466,85.0,0.0,1970.0
467,79.0,224.0,1942.0
468,98.0,248.0,2006.0
469,76.0,120.0,1993.0
470,60.0,0.0,1985.0
471,92.0,0.0,1977.0
472,35.0,80.0,2005.0
473,110.0,304.0,2006.0
474,41.0,0.0,2000.0
475,80.0,0.0,1996.0
476,75.0,215.0,1997.0
477,105.0,772.0,2006.0
478,79.0,336.0,2007.0
479,50.0,435.0,1995.0
480,98.0,378.0,2004.0
481,72.0,562.0,2003.0
482,50.0,0.0,1915.0
483,32.0,116.0,1998.0
484,60.0,0.0,1963.0
485,80.0,0.0,1950.0
486,79.0,168.0,1965.0
487,70.0,0.0,1971.0
488,60.0,0.0,1970.0
489,21.0,0.0,1970.0
490,60.0,0.0,1976.0
491,79.0,0.0,1941.0
492,105.0,0.0,2006.0
493,70.0,0.0,1964.0
494,50.0,0.0,1938.0
495,60.0,0.0,2005.0
496,60.0,0.0,1992.0
497,60.0,0.0,1925.0
498,65.0,89.0,1967.0
499,70.0,0.0,1958.0
500,21.0,285.0,1973.0
501,75.0,0.0,2005.0
502,70.0,0.0,1965.0
503,100.0,0.0,1959.0
504,24.0,0.0,1974.0
505,60.0,360.0,1952.0
506,80.0,125.0,1993.0
507,75.0,0.0,2009.0
508,60.0,0.0,1928.0
509,80.0,132.0,1959.0
510,75.0,70.0,1951.0
511,40.0,94.0,2005.0
512,70.0,0.0,1964.0
513,71.0,0.0,1983.0
514,55.0,0.0,1926.0
515,94.0,305.0,2009.0
516,60.0,333.0,1972.0
517,79.0,921.0,1996.0
518,60.0,0.0,1998.0
519,53.0,0.0,1926.0
520,60.0,0.0,2005.0
521,90.0,0.0,1957.0
522,50.0,0.0,1950.0
523,130.0,762.0,2007.0
524,95.0,594.0,1996.0
525,62.0,0.0,2005.0
526,70.0,0.0,1956.0
527,67.0,268.0,2008.0
528,58.0,0.0,2005.0
529,60.0,0.0,1975.0
530,85.0,219.0,1988.0
531,60.0,0.0,1920.0
532,60.0,0.0,1967.0
533,50.0,0.0,2005.0
534,74.0,0.0,2004.0
535,70.0,0.0,2005.0
536,57.0,0.0,1998.0
537,60.0,0.0,1980.0
538,60.0,188.0,1968.0
539,60.0,479.0,2001.0
540,85.0,584.0,2006.0
541,60.0,72.0,2000.0
542,78.0,0.0,1998.0
543,34.0,182.0,1998.0
544,58.0,0.0,2006.0
545,60.0,178.0,1988.0
546,70.0,0.0,1950.0
547,54.0,0.0,1987.0
548,49.0,0.0,1963.0
549,75.0,0.0,2003.0
550,53.0,0.0,1977.0
551,50.0,0.0,1957.0
552,87.0,250.0,2006.0
553,67.0,0.0,2002.0
554,85.0,292.0,2003.0
555,58.0,0.0,1922.0
556,69.0,0.0,1957.0
557,60.0,0.0,1994.0
558,57.0,0.0,1996.0
559,60.0,18.0,2003.0
560,60.0,180.0,1957.0
561,77.0,0.0,1975.0
562,63.0,0.0,2005.0
563,66.0,0.0,1955.0
564,60.0,0.0,1992.0
565,66.0,0.0,1920.0
566,77.0,245.0,2005.0
567,70.0,168.0,2004.0
568,79.0,0.0,1983.0
569,60.0,0.0,1979.0
570,74.0,108.0,1987.0
571,60.0,207.0,1959.0
572,83.0,0.0,2009.0
573,76.0,0.0,2000.0
574,70.0,82.0,1971.0
575,80.0,0.0,1947.0
576,52.0,0.0,1928.0
577,96.0,97.0,1966.0
578,34.0,0.0,2007.0
579,81.0,335.0,1954.0
580,60.0,85.0,1960.0
581,98.0,306.0,2009.0
582,81.0,104.0,2005.0
583,75.0,0.0,1988.0
584,51.0,0.0,1935.0
585,88.0,208.0,2005.0
586,55.0,0.0,1961.0
587,74.0,0.0,1996.0
588,65.0,0.0,1968.0
589,50.0,0.0,1988.0
590,64.0,0.0,2004.0
591,97.0,420.0,2008.0
592,60.0,0.0,1985.0
593,60.0,170.0,2003.0
594,88.0,0.0,1981.0
595,69.0,238.0,2005.0
596,60.0,0.0,1930.0
597,53.0,72.0,2006.0
598,80.0,459.0,1977.0
599,24.0,0.0,1980.0
600,74.0,280.0,2003.0
601,50.0,0.0,1979.0
602,80.0,0.0,1992.0
603,30.0,0.0,2004.0
604,88.0,99.0,2002.0
605,85.0,176.0,1965.0
606,82.0,0.0,2000.0
607,78.0,0.0,1948.0
608,78.0,0.0,1934.0
609,61.0,192.0,1961.0
610,60.0,204.0,2000.0
611,60.0,233.0,1978.0
612,60.0,108.0,2001.0
613,70.0,0.0,2005.0
614,21.0,0.0,2005.0
615,80.0,156.0,1963.0
616,60.0,0.0,2002.0
617,59.0,0.0,1962.0
618,90.0,452.0,2007.0
619,85.0,226.0,2003.0
620,45.0,0.0,2005.0
621,90.0,0.0,1974.0
622,71.0,153.0,1986.0
623,60.0,513.0,2000.0
624,80.0,288.0,1972.0
625,87.0,261.0,1962.0
626,60.0,0.0,1960.0
627,80.0,164.0,1955.0
628,70.0,192.0,1969.0
629,82.0,259.0,1964.0
630,50.0,0.0,1937.0
631,34.0,108.0,2006.0
632,85.0,209.0,1977.0
633,80.0,0.0,1954.0
634,64.0,0.0,1980.0
635,60.0,0.0,2005.0
636,51.0,0.0,2005.0
637,50.0,0.0,1954.0
638,67.0,0.0,2005.0
639,53.0,0.0,2006.0
640,62.0,472.0,2003.0
641,60.0,0.0,2001.0
642,75.0,0.0,1972.0
643,80.0,263.0,1969.0
644,85.0,162.0,2009.0
645,60.0,0.0,1979.0
646,60.0,0.0,1950.0
647,85.0,216.0,1953.0
648,70.0,351.0,1966.0
649,21.0,0.0,2005.0
650,65.0,0.0,2007.0
651,60.0,0.0,1940.0
652,70.0,0.0,1996.0
653,60.0,0.0,1906.0
654,91.0,660.0,1995.0
655,21.0,381.0,1971.0
656,72.0,54.0,1959.0
657,60.0,0.0,1931.0
658,78.0,0.0,1948.0
659,75.0,0.0,1968.0
660,60.0,233.0,1976.0
661,52.0,528.0,1994.0
662,120.0,216.0,1968.0
663,90.0,0.0,1974.0
664,49.0,0.0,2005.0
665,106.0,40.0,2000.0
666,60.0,113.0,1965.0
667,65.0,258.0,1994.0
668,60.0,0.0,1999.0
669,80.0,0.0,1922.0
670,64.0,0.0,2005.0
671,54.0,0.0,1930.0
672,60.0,0.0,1977.0
673,110.0,106.0,1957.0
674,80.0,0.0,1965.0
675,24.0,0.0,1978.0
676,60.0,0.0,1920.0
677,52.0,0.0,1924.0
678,80.0,464.0,2008.0
679,60.0,57.0,1963.0
680,50.0,0.0,1980.0
681,55.0,0.0,1968.0
682,60.0,0.0,1996.0
683,90.0,215.0,2002.0
684,58.0,30.0,1998.0
685,60.0,0.0,1984.0
686,84.0,0.0,2007.0
687,60.0,0.0,2004.0
688,60.0,0.0,2007.0
689,61.0,256.0,2005.0
690,60.0,147.0,2004.0
691,104.0,1170.0,1994.0
692,42.0,293.0,1989.0
693,60.0,0.0,1968.0
694,51.0,0.0,1995.0
695,54.0,72.0,1987.0
696,50.0,0.0,1921.0
697,57.0,0.0,1952.0
698,65.0,0.0,1973.0
699,59.0,0.0,2004.0
700,85.0,630.0,2002.0
701,80.0,168.0,1969.0
702,82.0,466.0,2006.0
703,76.0,0.0,1999.0
704,70.0,109.0,2004.0
705,70.0,0.0,2005.0
706,60.0,351.0,1971.0
707,48.0,176.0,2006.0
708,65.0,0.0,2007.0
709,60.0,41.0,1966.0
710,56.0,0.0,2005.0
711,66.0,0.0,1964.0
712,40.0,0.0,1988.0
713,60.0,160.0,1970.0
714,60.0,289.0,1976.0
715,78.0,174.0,1974.0
716,60.0,0.0,1996.0
717,80.0,0.0,1973.0
718,96.0,651.0,1993.0
719,69.0,0.0,1969.0
720,60.0,0.0,1985.0
721,60.0,169.0,2004.0
722,70.0,0.0,1994.0
723,60.0,0.0,1958.0
724,86.0,340.0,2007.0
725,60.0,0.0,1989.0
726,60.0,260.0,1988.0
727,64.0,82.0,2007.0
728,85.0,95.0,1968.0
729,52.0,0.0,1962.0
730,39.0,0.0,1995.0
731,73.0,442.0,2003.0
732,75.0,202.0,1998.0
733,80.0,0.0,1961.0
734,60.0,0.0,1968.0
735,60.0,0.0,1914.0
736,60.0,0.0,1949.0
737,72.0,0.0,2005.0
738,60.0,0.0,2005.0
739,65.0,0.0,2004.0
740,60.0,0.0,1910.0
741,65.0,0.0,1962.0
742,65.0,108.0,2000.0
743,70.0,0.0,1997.0
744,41.0,0.0,1993.0
745,60.0,289.0,1994.0
746,60.0,0.0,2000.0
747,65.0,0.0,1950.0
748,59.0,338.0,1996.0
749,50.0,0.0,1945.0
750,55.0,0.0,2005.0
751,60.0,0.0,2003.0
752,79.0,0.0,1997.0
753,80.0,178.0,2005.0
754,61.0,0.0,1969.0
755,34.0,894.0,1999.0
756,68.0,0.0,2007.0
757,60.0,328.0,1978.0
758,24.0,360.0,1999.0
759,65.0,513.0,1995.0
760,70.0,0.0,2008.0
761,60.0,0.0,1965.0
762,72.0,0.0,2009.0
763,82.0,673.0,1999.0
764,30.0,0.0,1995.0
765,75.0,284.0,2008.0
766,80.0,42.0,1988.0
767,75.0,0.0,1989.0
768,70.0,0.0,2004.0
769,47.0,603.0,2003.0
770,60.0,0.0,1983.0
771,67.0,0.0,1951.0
772,94.0,0.0,1976.0
773,70.0,1.0,1958.0
774,110.0,375.0,2006.0
775,32.0,320.0,1998.0
776,86.0,240.0,2005.0
777,100.0,0.0,1974.0
778,60.0,320.0,1977.0
779,78.0,90.0,1977.0
780,63.0,38.0,1995.0
781,65.0,0.0,1992.0
782,67.0,0.0,2001.0
783,60.0,104.0,1978.0
784,35.0,0.0,2005.0
785,60.0,0.0,1967.0
786,60.0,0.0,1961.0
787,76.0,0.0,2004.0
788,50.0,0.0,1954.0
789,60.0,157.0,1966.0
790,43.0,11.0,2005.0
791,60.0,0.0,1976.0
792,92.0,0.0,1997.0
793,76.0,140.0,2007.0
794,60.0,0.0,1994.0
795,70.0,130.0,1980.0
796,71.0,148.0,1977.0
797,57.0,0.0,1953.0
798,104.0,860.0,2009.0
799,60.0,252.0,1939.0
800,79.0,0.0,1997.0
801,40.0,0.0,1957.0
802,63.0,0.0,2005.0
803,107.0,424.0,2009.0
804,75.0,0.0,1954.0
805,91.0,256.0,2008.0
806,75.0,0.0,1967.0
807,144.0,0.0,1923.0
808,85.0,1047.0,1966.0
809,90.0,0.0,1910.0
810,78.0,99.0,1974.0
811,60.0,169.0,2004.0
812,66.0,0.0,1952.0
813,75.0,243.0,1958.0
814,45.0,0.0,1955.0
815,48.0,442.0,1998.0
816,60.0,0.0,1954.0
817,60.0,148.0,2002.0
818,80.0,80.0,1971.0
819,44.0,128.0,2010.0
820,72.0,0.0,2003.0
821,60.0,0.0,1974.0
822,60.0,0.0,2003.0
823,60.0,0.0,1940.0
824,81.0,0.0,2006.0
825,114.0,816.0,2007.0
826,50.0,0.0,2005.0
827,65.0,0.0,2001.0
828,60.0,0.0,1967.0
829,24.0,0.0,2005.0
830,80.0,387.0,1957.0
831,30.0,0.0,2005.0
832,44.0,223.0,2003.0
833,100.0,180.0,1964.0
834,75.0,136.0,1961.0
835,60.0,0.0,1996.0
836,90.0,0.0,1948.0
837,21.0,158.0,1973.0
838,75.0,0.0,1999.0
839,70.0,0.0,1946.0
840,60.0,0.0,1934.0
841,60.0,0.0,1983.0
842,82.0,183.0,1966.0
843,80.0,0.0,2005.0
844,100.0,0.0,1949.0
845,60.0,0.0,1975.0
846,75.0,137.0,1993.0
847,36.0,0.0,1972.0
848,75.0,0.0,1908.0
849,80.0,360.0,1976.0
850,36.0,170.0,2003.0
851,60.0,40.0,2003.0
852,53.0,0.0,1941.0
853,60.0,115.0,1964.0
854,102.0,0.0,1955.0
855,60.0,0.0,1962.0
856,60.0,0.0,1981.0
857,65.0,0.0,1994.0
858,80.0,189.0,1976.0
859,60.0,220.0,1968.0
860,55.0,0.0,1925.0
861,75.0,0.0,1965.0
862,81.0,0.0,1986.0
863,70.0,0.0,1959.0
864,72.0,0.0,2008.0
865,60.0,76.0,1973.0
866,67.0,274.0,2007.0
867,85.0,0.0,1961.0
868,60.0,0.0,1979.0
869,80.0,246.0,1993.0
870,60.0,0.0,1962.0
871,70.0,116.0,1998.0
872,74.0,0.0,1953.0
873,60.0,0.0,1949.0
874,52.0,0.0,1941.0
875,75.0,0.0,2007.0
876,94.0,0.0,1963.0
877,74.0,216.0,2004.0
878,88.0,0.0,1987.0
879,60.0,90.0,1978.0
880,60.0,0.0,2005.0
881,44.0,117.0,1990.0
882,60.0,0.0,1993.0
883,60.0,0.0,1997.0
884,65.0,60.0,1967.0
885,50.0,60.0,1999.0
886,70.0,122.0,2005.0
887,59.0,0.0,1955.0
888,95.0,0.0,1970.0
889,128.0,90.0,1953.0
890,60.0,0.0,2003.0
891,70.0,92.0,1978.0
892,70.0,0.0,1963.0
893,60.0,0.0,1954.0
894,64.0,0.0,1979.0
895,71.0,415.0,1963.0
896,50.0,0.0,1936.0
897,64.0,0.0,1979.0
898,100.0,760.0,2009.0
899,65.0,0.0,1961.0
900,60.0,0.0,1979.0
901,64.0,0.0,1968.0
902,63.0,0.0,2003.0
903,50.0,27.0,2006.0
904,60.0,75.0,1967.0
905,80.0,110.0,1954.0
906,116.0,208.0,2006.0
907,86.0,0.0,1936.0
908,60.0,0.0,1983.0
909,149.0,0.0,2005.0
910,80.0,361.0,1960.0
911,60.0,0.0,1978.0
912,51.0,0.0,1925.0
913,82.0,0.0,1949.0
914,30.0,76.0,2009.0
915,21.0,80.0,1970.0
916,50.0,0.0,1958.0
917,60.0,0.0,1956.0
918,103.0,0.0,1991.0
919,87.0,0.0,1990.0
920,70.0,105.0,1994.0
921,67.0,0.0,2005.0
922,65.0,0.0,2005.0
923,50.0,0.0,1993.0
924,79.0,157.0,1980.0
925,60.0,0.0,1977.0
926,93.0,340.0,2003.0
927,60.0,342.0,1968.0
928,60.0,0.0,2001.0
929,60.0,285.0,1997.0
930,73.0,0.0,2007.0
931,70.0,0.0,1965.0
932,84.0,302.0,2006.0
933,63.0,210.0,2004.0
934,313.0,0.0,1960.0
935,52.0,108.0,1953.0
936,67.0,0.0,2003.0
937,75.0,0.0,2005.0
938,73.0,0.0,2006.0
939,60.0,0.0,1940.0
940,55.0,0.0,1976.0
941,60.0,298.0,1999.0
942,42.0,0.0,2005.0
943,100.0,0.0,1967.0
944,60.0,541.0,1958.0
945,98.0,0.0,1963.0
946,70.0,128.0,1959.0
947,85.0,236.0,2002.0
948,65.0,144.0,2002.0
949,78.0,0.0,1972.0
950,60.0,0.0,1980.0
951,60.0,0.0,1979.0
952,60.0,0.0,1974.0
953,60.0,232.0,1969.0
954,35.0,250.0,2005.0
955,82.0,423.0,1946.0
956,24.0,0.0,1980.0
957,70.0,0.0,1977.0
958,65.0,0.0,2003.0
959,24.0,0.0,1999.0
960,50.0,0.0,2005.0
961,60.0,424.0,1977.0
962,24.0,0.0,1976.0
963,122.0,0.0,2007.0
964,80.0,44.0,2002.0
965,65.0,0.0,2005.0
966,130.0,0.0,1940.0
967,60.0,151.0,1955.0
968,50.0,0.0,2005.0
969,75.0,105.0,1958.0
970,60.0,0.0,2005.0
971,36.0,106.0,2003.0
972,55.0,0.0,1979.0
973,95.0,0.0,2007.0
974,60.0,0.0,1997.0
975,60.0,0.0,2000.0
976,51.0,0.0,2005.0
977,35.0,0.0,2007.0
978,68.0,0.0,1999.0
979,80.0,0.0,1963.0
980,60.0,210.0,1961.0
981,98.0,975.0,1998.0
982,43.0,16.0,2007.0
983,60.0,0.0,2002.0
984,75.0,0.0,1977.0
985,68.0,0.0,1950.0
986,59.0,0.0,1950.0
987,83.0,450.0,2010.0
988,60.0,298.0,1976.0
989,65.0,0.0,2006.0
990,82.0,423.0,1997.0
991,121.0,0.0,1925.0
992,80.0,340.0,1964.0
993,68.0,0.0,2005.0
994,96.0,230.0,2008.0
995,51.0,0.0,1946.0
996,60.0,0.0,1961.0
997,60.0,571.0,1970.0
998,60.0,0.0,1922.0
999,64.0,24.0,2006.0
1000,74.0,0.0,1956.0
1001,60.0,0.0,1920.0
1002,75.0,53.0,2006.0
1003,60.0,164.0,1976.0
1004,43.0,16.0,2005.0
1005,65.0,220.0,1977.0
1006,60.0,0.0,1970.0
1007,21.0,0.0,1970.0
1008,43.0,108.0,2004.0
1009,60.0,0.0,2005.0
1010,115.0,0.0,1948.0
1011,75.0,0.0,2005.0
1012,55.0,0.0,1923.0
1013,60.0,0.0,1956.0
1014,60.0,206.0,1948.0
1015,70.0,0.0,2001.0
1016,73.0,196.0,1996.0
1017,60.0,0.0,1984.0
1018,60.0,76.0,1991.0
1019,43.0,145.0,2005.0
1020,60.0,0.0,2005.0
1021,64.0,84.0,2006.0
1022,52.0,0.0,1957.0
1023,43.0,14.0,2005.0
1024,60.0,0.0,1976.0
1025,70.0,0.0,1980.0
1026,73.0,324.0,1960.0
1027,71.0,338.0,2008.0
1028,79.0,0.0,1941.0
1029,21.0,281.0,1972.0
1030,60.0,0.0,2005.0
1031,102.0,0.0,1970.0
1032,60.0,0.0,1993.0
1033,60.0,295.0,2002.0
1034,50.0,0.0,1938.0
1035,60.0,0.0,1957.0
1036,89.0,70.0,2008.0
1037,60.0,396.0,2001.0
1038,21.0,0.0,2005.0
1039,21.0,0.0,1970.0
1040,88.0,67.0,1957.0
1041,60.0,252.0,1966.0
1042,34.0,135.0,2005.0
1043,86.0,99.0,1990.0
1044,80.0,0.0,1981.0
1045,60.0,0.0,1955.0
1046,85.0,208.0,2005.0
1047,57.0,0.0,1996.0
1048,100.0,75.0,1960.0
1049,60.0,0.0,1946.0
1050,73.0,0.0,2007.0
1051,103.0,0.0,2007.0
1052,100.0,272.0,1964.0
1053,68.0,145.0,1957.0
1054,90.0,210.0,2002.0
1055,104.0,160.0,1976.0
1056,43.0,240.0,2005.0
1057,60.0,0.0,1994.0
1058,96.0,154.0,2008.0
1059,60.0,480.0,1977.0
1060,41.0,0.0,2001.0
1061,120.0,0.0,1994.0
1062,85.0,0.0,1945.0
1063,50.0,0.0,1976.0
1064,60.0,200.0,1966.0
1065,80.0,0.0,1996.0
1066,59.0,0.0,1993.0
1067,80.0,360.0,1964.0
1068,42.0,0.0,1973.0
1069,60.0,0.0,1985.0
1070,72.0,120.0,1956.0
1071,78.0,0.0,1968.0
1072,50.0,0.0,1954.0
1073,75.0,140.0,1977.0
1074,74.0,0.0,2006.0
1075,75.0,0.0,1940.0
1076,60.0,0.0,1950.0
1077,60.0,0.0,1969.0
1078,37.0,169.0,2004.0
1079,65.0,0.0,1996.0
1080,80.0,144.0,1971.0
1081,75.0,0.0,1963.0
1082,70.0,100.0,2002.0
1083,80.0,425.0,1964.0
1084,60.0,0.0,1995.0
1085,73.0,0.0,1992.0
1086,60.0,0.0,1973.0
1087,85.0,0.0,2005.0
1088,24.0,50.0,2004.0
1089,37.0,0.0,2005.0
1090,60.0,0.0,1987.0
1091,24.0,212.0,1999.0
1092,60.0,0.0,1925.0
1093,71.0,166.0,1977.0
1094,74.0,0.0,1956.0
1095,78.0,0.0,2006.0
1096,60.0,0.0,2005.0
1097,60.0,0.0,1987.0
1098,50.0,0.0,1936.0
1099,82.0,206.0,1978.0
1100,60.0,0.0,1930.0
1101,61.0,0.0,1981.0
1102,70.0,45.0,1960.0
1103,79.0,0.0,1954.0
1104,24.0,304.0,1970.0
1105,98.0,362.0,1994.0
1106,114.0,0.0,1990.0
1107,168.0,0.0,2006.0
1108,60.0,0.0,2000.0
1109,107.0,42.0,2004.0
1110,60.0,0.0,1995.0
1111,80.0,660.0,1976.0
1112,73.0,0.0,1957.0
1113,66.0,0.0,1953.0
1114,90.0,0.0,1955.0
1115,93.0,328.0,2007.0
1116,60.0,0.0,2002.0
1117,57.0,0.0,1967.0
1118,85.0,0.0,1958.0
1119,70.0,0.0,1959.0
1120,59.0,0.0,1920.0
1121,84.0,196.0,2005.0
1122,60.0,0.0,1956.0
1123,50.0,0.0,2005.0
1124,60.0,170.0,1992.0
1125,60.0,0.0,1977.0
1126,53.0,130.0,2007.0
1127,182.0,0.0,2004.0
1128,59.0,0.0,2004.0
1129,60.0,180.0,1980.0
1130,65.0,0.0,1981.0
1131,63.0,0.0,2005.0
1132,90.0,0.0,1930.0
1133,80.0,0.0,1995.0
1134,57.0,0.0,1997.0
1135,60.0,0.0,1926.0
1136,80.0,0.0,1950.0
1137,54.0,0.0,2005.0
1138,60.0,0.0,1977.0
1139,98.0,0.0,1972.0
1140,60.0,0.0,1988.0
1141,60.0,44.0,1976.0
1142,77.0,340.0,2006.0
1143,60.0,0.0,2005.0
1144,60.0,0.0,1941.0
1145,52.0,0.0,1928.0
1146,60.0,85.0,1985.0
1147,75.0,0.0,1941.0
1148,60.0,0.0,1982.0
1149,50.0,0.0,1930.0
1150,57.0,0.0,1950.0
1151,134.0,132.0,1959.0
1152,90.0,0.0,1956.0
1153,60.0,0.0,2002.0
1154,60.0,288.0,1965.0
1155,90.0,0.0,1976.0
1156,85.0,0.0,1965.0
1157,34.0,166.0,2008.0
1158,92.0,186.0,2008.0
1159,76.0,270.0,1974.0
1160,24.0,0.0,1978.0
1161,60.0,72.0,1993.0
1162,109.0,0.0,1968.0
1163,60.0,0.0,1969.0
1164,60.0,0.0,1978.0
1165,79.0,268.0,2009.0
1166,64.0,72.0,2008.0
1167,58.0,0.0,2000.0
1168,120.0,0.0,1935.0
1169,118.0,1378.0,1995.0
1170,76.0,0.0,1977.0
1171,76.0,0.0,1958.0
1172,35.0,0.0,2006.0
1173,138.0,0.0,2005.0
1174,80.0,0.0,1932.0
1175,85.0,337.0,1992.0
1176,37.0,0.0,1984.0
1177,60.0,0.0,1926.0
1178,54.0,0.0,1921.0
1179,77.0,0.0,2005.0
1180,60.0,0.0,1990.0
1181,64.0,186.0,2008.0
1182,160.0,0.0,1996.0
1183,60.0,0.0,1970.0
1184,50.0,226.0,1963.0
1185,60.0,0.0,1965.0
1186,107.0,0.0,1920.0
1187,89.0,0.0,1994.0
1188,68.0,95.0,2002.0
1189,60.0,0.0,1999.0
1190,60.0,149.0,1975.0
1191,24.0,456.0,1999.0
1192,60.0,0.0,1925.0
1193,60.0,425.0,1999.0
1194,80.0,143.0,1969.0
1195,51.0,0.0,2005.0
1196,58.0,0.0,2006.0
1197,65.0,0.0,1916.0
1198,70.0,0.0,2001.0
1199,75.0,51.0,1974.0
1200,71.0,0.0,1972.0
1201,80.0,0.0,1998.0
1202,50.0,0.0,1960.0
1203,75.0,171.0,2000.0
1204,78.0,0.0,1975.0
1205,90.0,234.0,1990.0
1206,60.0,0.0,1966.0
1207,70.0,120.0,2003.0
1208,70.0,0.0,1980.0
1209,85.0,420.0,2006.0
1210,70.0,0.0,1992.0
1211,152.0,0.0,1988.0
1212,50.0,0.0,1941.0
1213,60.0,0.0,1965.0
1214,69.0,0.0,1962.0
1215,99.0,0.0,1966.0
1216,68.0,0.0,1978.0
1217,72.0,72.0,2009.0
1218,52.0,0.0,2005.0
1219,21.0,236.0,2005.0
1220,66.0,0.0,1964.0
1221,55.0,0.0,1968.0
1222,78.0,320.0,1949.0
1223,89.0,44.0,1951.0
1224,60.0,0.0,2004.0
1225,65.0,63.0,1958.0
1226,86.0,74.0,2007.0
1227,72.0,300.0,1992.0
1228,65.0,766.0,2008.0
1229,70.0,0.0,1960.0
1230,60.0,1.0,1977.0
1231,70.0,120.0,1962.0
1232,70.0,0.0,1962.0
1233,60.0,180.0,1959.0
1234,55.0,0.0,2005.0
1235,96.0,0.0,1914.0
1236,36.0,106.0,2003.0
1237,41.0,0.0,2004.0
1238,63.0,0.0,2005.0
1239,64.0,32.0,2006.0
1240,65.0,252.0,2003.0
1241,83.0,0.0,2007.0
1242,85.0,81.0,1974.0
1243,107.0,0.0,2006.0
1244,60.0,0.0,1931.0
1245,78.0,74.0,1984.0
1246,65.0,0.0,2005.0
1247,60.0,335.0,1976.0
1248,60.0,0.0,1950.0
1249,60.0,0.0,1950.0
1250,93.0,0.0,1968.0
1251,60.0,163.0,2003.0
1252,62.0,0.0,1968.0
1253,60.0,0.0,1974.0
1254,60.0,92.0,2003.0
1255,52.0,0.0,1978.0
1256,91.0,554.0,1994.0
1257,56.0,0.0,2005.0
1258,59.0,182.0,2005.0
1259,65.0,0.0,1969.0
1260,60.0,0.0,1999.0
1261,80.0,0.0,1956.0
1262,60.0,0.0,1957.0
1263,60.0,0.0,1940.0
1264,34.0,0.0,1998.0
1265,35.0,218.0,1999.0
1266,60.0,0.0,1960.0
1267,89.0,0.0,2009.0
1268,60.0,632.0,1982.0
1269,78.0,180.0,1958.0
1270,60.0,0.0,1979.0
1271,60.0,0.0,1968.0
1272,60.0,114.0,1965.0
1273,124.0,84.0,1959.0
1274,53.0,0.0,1985.0
1275,95.0,567.0,1948.0
1276,60.0,0.0,1972.0
1277,60.0,359.0,1967.0
1278,75.0,0.0,2002.0
1279,60.0,0.0,1980.0
1280,67.0,110.0,2002.0
1281,50.0,54.0,1990.0
1282,61.0,0.0,1977.0
1283,94.0,0.0,2005.0
1284,50.0,0.0,1969.0
1285,50.0,0.0,1939.0
1286,60.0,451.0,1963.0
1287,60.0,621.0,1964.0
1288,40.0,0.0,2000.0
1289,86.0,788.0,2006.0
1290,60.0,86.0,1964.0
1291,21.0,268.0,1972.0
1292,60.0,0.0,1985.0
1293,78.0,0.0,1976.0
1294,60.0,0.0,1957.0
1295,70.0,168.0,1968.0
1296,80.0,148.0,1963.0
1297,35.0,82.0,2005.0
1298,313.0,796.0,2008.0
1299,75.0,0.0,1959.0
1300,60.0,344.0,1999.0
1301,60.0,0.0,1942.0
1302,92.0,391.0,1994.0
1303,73.0,228.0,2005.0
1304,32.0,117.0,2004.0
1305,108.0,300.0,2006.0
1306,48.0,94.0,2005.0
1307,60.0,0.0,2000.0
1308,100.0,0.0,1948.0
1309,60.0,88.0,1991.0
1310,100.0,0.0,1959.0
1311,68.0,80.0,2005.0
1312,60.0,336.0,1990.0
1313,108.0,165.0,1999.0
1314,60.0,0.0,1956.0
1315,85.0,0.0,1969.0
1316,61.0,270.0,2008.0
1317,47.0,0.0,2006.0
1318,60.0,178.0,2001.0
1319,75.0,132.0,1954.0
1320,70.0,0.0,1957.0
1321,60.0,0.0,1955.0
1322,107.0,0.0,1992.0
1323,50.0,0.0,2005.0
1324,75.0,428.0,2007.0
1325,40.0,0.0,2005.0
1326,70.0,0.0,2005.0
1327,60.0,0.0,1982.0
1328,60.0,0.0,1920.0
1329,63.0,0.0,1998.0
1330,85.0,410.0,2006.0
1331,55.0,0.0,1976.0
1332,67.0,0.0,1958.0
1333,60.0,0.0,1951.0
1334,24.0,312.0,1970.0
1335,80.0,360.0,1977.0
1336,87.0,564.0,1973.0
1337,153.0,0.0,2005.0
1338,95.0,0.0,2002.0
1339,120.0,0.0,1972.0
1340,70.0,0.0,1974.0
1341,66.0,0.0,2004.0
1342,60.0,149.0,2002.0
1343,57.0,0.0,1929.0
1344,85.0,0.0,2006.0
1345,50.0,0.0,1997.0
1346,60.0,0.0,1968.0
1347,93.0,100.0,2006.0
1348,60.0,0.0,1998.0
1349,50.0,0.0,2005.0
1350,91.0,368.0,1969.0
1351,70.0,318.0,1962.0
1352,50.0,0.0,1999.0
1353,56.0,579.0,1996.0
1354,60.0,0.0,2000.0
1355,102.0,143.0,1968.0
1356,60.0,65.0,1966.0
1357,60.0,0.0,1971.0
1358,60.0,216.0,2000.0
1359,129.0,66.0,2004.0
1360,51.0,0.0,1998.0
1361,124.0,16.0,2005.0
1362,60.0,0.0,1920.0
1363,73.0,0.0,2007.0
1364,30.0,0.0,2005.0
1365,60.0,0.0,2000.0
1366,68.0,158.0,1999.0
1367,41.0,0.0,1977.0
1368,60.0,170.0,2003.0
1369,48.0,171.0,2003.0
1370,90.0,0.0,1967.0
1371,80.0,0.0,1955.0
1372,75.0,0.0,1998.0
1373,60.0,705.0,2001.0
1374,85.0,0.0,2005.0
1375,89.0,80.0,2007.0
1376,52.0,0.0,1925.0
1377,60.0,0.0,1977.0
1378,21.0,408.0,1973.0
1379,73.0,0.0,2007.0
1380,45.0,0.0,1938.0
1381,60.0,0.0,1970.0
1382,60.0,0.0,1989.0
1383,60.0,0.0,2007.0
1384,60.0,0.0,1939.0
1385,40.0,0.0,1922.0
1386,80.0,184.0,1978.0
1387,60.0,0.0,1916.0
1388,42.0,160.0,2006.0
1389,60.0,0.0,2003.0
1390,70.0,244.0,2000.0
1391,65.0,0.0,1967.0
1392,68.0,0.0,1967.0
1393,60.0,0.0,2003.0
1394,53.0,45.0,2006.0
1395,88.0,245.0,2005.0
1396,60.0,0.0,1966.0
1397,51.0,0.0,1933.0
1398,60.0,0.0,1950.0
1399,51.0,0.0,1925.0
1400,50.0,0.0,1929.0
1401,62.0,0.0,2004.0
1402,64.0,0.0,2006.0
1403,49.0,84.0,2007.0
1404,60.0,0.0,1998.0
1405,44.0,174.0,2004.0
1406,70.0,0.0,1988.0
1407,60.0,0.0,2005.0
1408,60.0,0.0,1966.0
1409,46.0,123.0,1986.0
1410,79.0,0.0,2001.0
1411,80.0,0.0,1950.0
1412,60.0,0.0,1956.0
1413,88.0,366.0,2005.0
1414,64.0,0.0,1922.0
1415,51.0,130.0,2007.0
1416,60.0,0.0,1971.0
1417,60.0,731.0,1998.0
1418,71.0,0.0,1962.0
1419,60.0,312.0,1969.0
1420,90.0,420.0,1968.0
1421,53.0,0.0,1977.0
1422,37.0,170.0,2003.0
1423,60.0,0.0,1966.0
1424,60.0,0.0,1970.0
1425,80.0,243.0,1960.0
1426,81.0,448.0,1994.0
1427,60.0,0.0,1962.0
1428,60.0,294.0,1940.0
1429,60.0,310.0,1981.0
1430,60.0,0.0,2005.0
1431,60.0,0.0,1976.0
1432,60.0,0.0,1928.0
1433,93.0,318.0,2000.0
1434,80.0,0.0,1977.0
1435,80.0,237.0,1962.0
1436,60.0,0.0,1974.0
1437,96.0,426.0,2008.0
1438,90.0,0.0,1957.0
1439,80.0,96.0,1979.0
1440,79.0,0.0,1993.0
1441,60.0,147.0,2004.0
1442,85.0,160.0,2008.0
1443,60.0,0.0,1916.0
1444,63.0,106.0,2004.0
1445,70.0,0.0,1990.0
1446,60.0,189.0,1962.0
1447,80.0,438.0,1995.0
1448,70.0,0.0,1950.0
1449,21.0,0.0,2005.0
1450,60.0,0.0,2005.0
1451,78.0,194.0,2008.0
1452,35.0,80.0,2005.0
1453,90.0,0.0,2005.0
1454,62.0,0.0,2004.0
1455,62.0,0.0,1999.0
1456,85.0,119.0,1978.0
1457,66.0,0.0,1941.0
1458,68.0,0.0,1950.0
1459,75.0,0.0,1965.0
